-- テストユーザ
-- customer, reservation, contract, sales テーブル

SET @MAIL='hoge@example.com';

USE `kireimo`;

-- 元の完飲番号はSJ01162283
INSERT INTO `customer` (`id`, `login_id`, `password`, `pw_sent_flg`, `pw_sent_date`, `shop_id`, `cstaff_id`, `no`, `sn_shop`, `status`, `agree_status`, `attorney_status`, `contract_send`, `ctype`, `name`, `name_kana`, `smartpit_id_old`, `smartpit_id`, `bank_account_name`, `pair_name_kana`, `cbs_no`, `card_no`, `card_name`, `card_name_kana`, `card_limit_month`, `card_limit_year`, `zip`, `pref`, `address`, `mail`, `mobile`, `tel`, `pair_tel`, `sex`, `birthday0`, `birthday`, `age`, `big_flg`, `change_flg`, `job`, `job_sub`, `job_other`, `marriage`, `height`, `weight`, `ad_name`, `introducer`, `introducer_type`, `partner`, `special`, `route`, `echo`, `mag`, `prize`, `hope_campaign`, `hope_time_range`, `hopes_discount`, `student_id`, `times`, `comment`, `memo`, `lat`, `lng`, `mo_agent`, `adcode`, `flyer_no`, `mo_id`, `session_id`, `url`, `referer_url`, `user_agent`, `reg_flg`, `rebook_flg`, `reg_date`, `edit_date`, `del_flg`, `sv_flg`, `loan_delay_flg`, `digicat_ng_flg`, `nextpay_end_ng_flg`, `nextpay_op_ng_flg`, `bank_ng_flg`, `pair_flg`, `chk_name_flg`, `chk_tel_flg`, `chk_mail_flg`, `chk_addr_flg`, `chk_flg`, `mail_status`, `onelife_flg`, `kireimo_plus_flg`, `line_mid`, `old_id`) VALUES
(162283, '', 'docker', 0, '0000-00-00', 1, 0, 'DOCKER', 0, 2, 0, 0, 0, 5, 'ドッカーテスト　予約', 'ドッカーテスト　ヨヤク', 0, 181242, '', '', '', '1058', 'TEST', 'テスト', '', '', '150-0002', 13, '渋谷区渋谷1', @MAIL, '', '03-5114-4149', '', '2', '', '0000-00-00', '', 0, 0, '11', '', '', 0, '', '', '', '', 0, 0, 0, 0, '', '', 0, 'ハンド脱毛', '', 0, 0, 0, '', '', '', '', 0, '', 0, 0, '', '', '', '', 0, 0, '2016-07-22 11:52:17', '2019-07-12 02:20:37', 0, 0, 0, 0, 0, 0, 0, '', 0, 0, 0, 0, 0, 0, 0, NULL, NULL, NULL);

INSERT INTO `reservation` (`id`, `contract_id`, `customer_id`, `shop_id`, `room_id`, `course_id`, `r_times`, `staff_id`, `cstaff_id`, `tstaff_id`, `tstaff_sub1_id`, `tstaff_sub2_id`, `rstaff_id`, `ccstaff_id`, `sales_id`, `type`, `rsv_status`, `hope_date`, `hope_time`, `part`, `length`, `persons`, `route`, `point`, `hp_flg`, `coupon`, `prize`, `echo`, `mag`, `hope_campaign`, `hope_time_range`, `hopes_discount`, `introducer`, `introducer_type`, `special`, `pay`, `count`, `balance`, `status`, `con_status`, `3dmail_status`, `premail_status`, `preday_status`, `preday_staff_id`, `preday_cnt`, `today_status`, `today_staff_id`, `today_cnt`, `comment`, `shop_request`, `cc_request`, `stop_request_date`, `memo`, `memo2`, `memo3`, `memo4`, `memo5`, `reg_flg`, `reg_date`, `edit_date`, `del_flg`, `rebook_flg`, `act_flg`, `adcode`, `flyer_no`, `new_flg`, `cancel_flg`, `chk_flg`, `move_flg`) VALUES
(686440, 100065, 162283, 1, 12, 11, 0, 0, 0, 0, 0, 0, 0, 0, 578743, 1, 0, '2016-09-01', 1, '', 2, 1, 0, 0, 0, 0, 0, '', '', 'ハンド脱毛', '', 0, '', 0, 0, 0, '', '', 0, 0, 0, 0, 0, 0, 0, 0, 0, 0, '', 0, 0, NULL, '', '', '', '', '', 1, '2016-07-22 11:52:17', '2017-09-13 10:43:20', 0, 0, 0, '', 0, 1, 0, 0, 0),
(862443, 100066, 162283, 23, 31, 82, 0, 0, 0, 0, 0, 0, 0, 0, 0, 3, 0, '2016-09-30', 17, '2', 4, 1, 5, 0, 0, 0, 0, '', '', '', '', 0, '', 0, 0, 0, '', '', 0, 0, 0, 0, 0, 0, 0, 0, 0, 0, '', 0, 0, NULL, '', '', '', '', '', 0, '2016-09-30 11:01:58', '2017-09-13 10:59:38', 0, 0, 0, '', 0, 0, 0, 0, 0),
(877607, 100066, 162283, 34, 31, 82, 0, 0, 0, 0, 0, 0, 0, 0, 0, 3, 0, '2017-03-31', 1, '2', 4, 1, 5, 0, 0, 0, 0, '', '', '', '', 0, '', 0, 0, 0, '', '', 0, 0, 0, 0, 0, 0, 0, 0, 0, 0, '', 0, 0, NULL, '', '', '', '', '', 0, '2016-10-06 12:29:46', '2017-09-13 10:59:38', 0, 0, 0, '', 0, 0, 0, 0, 0),
(877610, 100066, 162283, 34, 31, 82, 0, 0, 0, 0, 0, 0, 0, 0, 0, 3, 0, '2016-10-29', 1, '2', 4, 1, 5, 0, 0, 0, 0, '', '', '', '', 0, '', 0, 0, 0, '', '', 0, 0, 0, 0, 0, 0, 0, 0, 0, 0, '', 0, 0, NULL, '', '', '', '', '', 0, '2016-10-06 12:30:09', '2017-09-13 10:59:38', 0, 0, 0, '', 0, 0, 0, 0, 0),
(953291, 100066, 162283, 11, 32, 7, 0, 173, 0, 0, 0, 0, 0, 0, 0, 3, 0, '2016-11-07', 5, '2', 4, 1, 5, 0, 0, 0, 0, '', '', '', '', 0, '', 0, 0, 0, '', '', 11, 0, 0, 0, 0, 0, 0, 0, 0, 0, '', 0, 0, NULL, '', '', '', '', '', 0, '2016-10-20 12:19:14', '2016-11-07 17:57:11', 0, 0, 0, '', 0, 0, 0, 0, 0),
(953294, 100066, 162283, 11, 31, 7, 0, 0, 0, 0, 0, 0, 0, 0, 0, 3, 0, '2017-04-01', 1, '1', 4, 1, 5, 0, 0, 0, 0, '', '', '', '', 0, '', 0, 0, 0, '', '', 0, 0, 0, 0, 0, 0, 0, 0, 0, 0, '', 0, 0, NULL, '', '', '', '', '', 0, '2016-10-20 12:21:14', '2016-10-20 12:25:47', 0, 0, 0, '', 0, 0, 0, 0, 0),
(953312, 100066, 162283, 26, 32, 7, 0, 0, 0, 0, 0, 0, 0, 0, 0, 3, 0, '2017-03-02', 1, '1', 4, 1, 5, 0, 0, 0, 0, '', '', '', '', 0, '', 0, 0, 0, '', '', 0, 0, 0, 0, 0, 0, 0, 0, 0, 0, '', 0, 0, NULL, '', '', '', '', '', 0, '2016-10-20 12:26:25', '2016-10-20 12:27:20', 0, 0, 0, '', 0, 0, 0, 0, 0),
(953314, 100066, 162283, 26, 32, 7, 0, 0, 0, 0, 0, 0, 0, 0, 0, 3, 0, '2017-02-16', 1, '1', 4, 1, 5, 0, 0, 0, 0, '', '', '', '', 0, '', 0, 0, 0, '', '', 0, 0, 0, 0, 0, 0, 0, 0, 0, 0, '', 0, 0, NULL, '', '', '', '', '', 0, '2016-10-20 12:27:20', '2016-10-20 12:27:32', 0, 0, 0, '', 0, 0, 0, 0, 0),
(953325, 100066, 162283, 26, 32, 7, 0, 0, 0, 0, 0, 0, 0, 0, 0, 3, 0, '2017-03-17', 1, '1', 4, 1, 5, 0, 0, 0, 0, '', '', '', '', 0, '', 0, 0, 0, '', '', 0, 0, 0, 0, 0, 0, 0, 0, 0, 0, '', 0, 0, NULL, '', '', '', '', '', 0, '2016-10-20 12:31:03', '2016-10-20 12:31:20', 0, 0, 0, '', 0, 0, 0, 0, 0),
(953327, 100066, 162283, 11, 31, 7, 0, 0, 0, 0, 0, 0, 0, 0, 0, 3, 0, '2017-04-13', 1, '1', 4, 1, 5, 0, 0, 0, 0, '', '', '', '', 0, '', 0, 0, 0, '', '', 0, 0, 0, 0, 0, 0, 0, 0, 0, 0, '', 0, 0, NULL, '', '', '', '', '', 0, '2016-10-20 12:31:52', '2016-10-20 12:33:32', 0, 0, 0, '', 0, 0, 0, 0, 0),
(953332, 100066, 162283, 13, 32, 7, 0, 0, 0, 0, 0, 0, 0, 0, 0, 3, 0, '2017-03-18', 1, '1', 4, 1, 5, 0, 0, 0, 0, '', '', '', '', 0, '', 0, 0, 0, '', '', 0, 0, 0, 0, 0, 0, 0, 0, 0, 0, '', 0, 0, NULL, '', '', '', '', '', 0, '2016-10-20 12:33:32', '2016-10-20 12:34:01', 0, 0, 0, '', 0, 0, 0, 0, 0),
(953334, 100066, 162283, 2, 31, 7, 0, 0, 0, 0, 0, 0, 0, 0, 0, 3, 0, '2017-02-18', 5, '1', 4, 1, 5, 0, 0, 0, 0, '', '', '', '', 0, '', 0, 0, 0, '', '', 0, 0, 0, 0, 0, 0, 0, 0, 0, 0, '', 0, 0, NULL, '', '', '', '', '', 0, '2016-10-20 12:34:01', '2016-10-20 12:34:16', 0, 0, 0, '', 0, 0, 0, 0, 0),
(953338, 100066, 162283, 2, 31, 7, 0, 0, 0, 0, 0, 0, 0, 0, 0, 3, 0, '2017-03-04', 5, '1', 4, 1, 5, 0, 0, 0, 0, '', '', '', '', 0, '', 0, 0, 0, '', '', 0, 0, 0, 0, 0, 0, 0, 0, 0, 0, '', 0, 0, NULL, '', '', '', '', '', 0, '2016-10-20 12:34:42', '2016-10-20 12:35:00', 0, 0, 0, '', 0, 0, 0, 0, 0),
(1028816, 100066, 162283, 5, 36, 7, 0, 0, 0, 0, 0, 0, 0, 0, 0, 3, 0, '2016-12-13', 13, '2', 4, 1, 5, 0, 0, 0, 0, '', '', '', '', 0, '', 0, 0, 0, '', '', 0, 0, 0, 0, 0, 0, 0, 0, 0, 0, '', 0, 0, NULL, '', '', '', '', '', 0, '2016-11-22 23:45:50', '2016-11-22 23:47:31', 0, 0, 0, '', 0, 0, 0, 0, 0),
(1028833, 100066, 162283, 14, 33, 7, 0, 0, 0, 0, 0, 0, 0, 0, 0, 3, 0, '2016-11-24', 5, '2', 4, 1, 5, 0, 0, 0, 0, '', '', '', '', 0, '', 0, 0, 0, '', '', 0, 0, 0, 0, 0, 0, 0, 0, 0, 0, '', 0, 0, NULL, '', '', '', '', '', 0, '2016-11-23 00:01:31', '2016-11-23 00:02:04', 0, 0, 0, '', 0, 0, 0, 0, 0),
(1028849, 100066, 162283, 11, 32, 7, 0, 0, 0, 0, 0, 0, 0, 0, 0, 3, 0, '2017-03-30', 1, '2', 4, 1, 5, 0, 0, 0, 0, '', '', '', '', 0, '', 0, 0, 0, '', '', 0, 0, 0, 0, 0, 0, 0, 0, 0, 0, '', 0, 0, NULL, '', '', '', '', '', 0, '2016-11-23 00:13:26', '2016-11-23 00:33:21', 0, 0, 0, '', 0, 0, 0, 0, 0),
(1028871, 100066, 162283, 1, 32, 7, 0, 0, 0, 0, 0, 0, 0, 0, 0, 3, 0, '2017-01-29', 1, '2', 4, 1, 5, 0, 0, 0, 0, '', '', '', '', 0, '', 0, 0, 0, '', '', 0, 0, 0, 0, 0, 0, 0, 0, 0, 0, '', 0, 0, NULL, '', '', '', '', '', 0, '2016-11-23 00:33:21', '2016-11-23 00:34:25', 0, 0, 0, '', 0, 0, 0, 0, 0),
(1028872, 100066, 162283, 28, 32, 7, 0, 0, 0, 0, 0, 0, 0, 0, 0, 3, 0, '2017-01-29', 5, '2', 4, 1, 5, 0, 0, 0, 0, '', '', '', '', 0, '', 0, 0, 0, '', '', 0, 0, 0, 0, 0, 0, 0, 0, 0, 0, '', 0, 0, NULL, '', '', '', '', '', 0, '2016-11-23 00:34:25', '2016-11-23 00:37:44', 0, 0, 0, '', 0, 0, 0, 0, 0),
(1028874, 100066, 162283, 2, 32, 7, 0, 0, 0, 0, 0, 0, 0, 0, 0, 3, 0, '2017-02-26', 1, '2', 4, 1, 5, 0, 0, 0, 0, '', '', '', '', 0, '', 0, 0, 0, '', '', 0, 0, 0, 0, 0, 0, 0, 0, 0, 0, '', 0, 0, NULL, '', '', '', '', '', 0, '2016-11-23 00:37:44', '2016-11-23 15:18:37', 0, 0, 0, '', 0, 0, 0, 0, 0),
(1029780, 100066, 162283, 13, 33, 7, 0, 0, 0, 0, 0, 0, 0, 0, 0, 3, 0, '2016-12-14', 13, '2', 4, 1, 5, 0, 0, 0, 0, '', '', '', '', 0, '', 0, 0, 0, '', '', 0, 0, 0, 0, 0, 0, 0, 0, 0, 0, '', 0, 0, NULL, '', '', '', '', '', 0, '2016-11-23 16:38:10', '2016-11-23 16:39:19', 0, 0, 0, '', 0, 0, 0, 0, 0),
(1029783, 100066, 162283, 1, 33, 7, 0, 0, 0, 0, 0, 0, 0, 0, 0, 3, 0, '2017-01-10', 9, '2', 4, 1, 5, 0, 0, 0, 0, '', '', '', '', 0, '', 0, 0, 0, '', '', 0, 0, 0, 0, 0, 0, 0, 0, 0, 0, '', 0, 0, NULL, '', '', '', '', '', 0, '2016-11-23 16:39:19', '2016-11-23 16:57:18', 0, 0, 0, '', 0, 0, 0, 0, 0),
(1029820, 100066, 162283, 1, 32, 7, 0, 0, 0, 0, 0, 0, 0, 0, 0, 3, 0, '2017-03-23', 1, '2', 4, 1, 5, 0, 0, 0, 0, '', '', '', '', 0, '', 0, 0, 0, '', '', 0, 0, 0, 0, 0, 0, 0, 0, 0, 0, '', 0, 0, NULL, '', '', '', '', '', 0, '2016-11-23 16:57:18', '2016-11-24 17:48:13', 0, 0, 0, '', 0, 0, 0, 0, 0),
(1101664, 100066, 162283, 11, 32, 7, 0, 0, 0, 0, 0, 0, 0, 0, 0, 3, 0, '2017-03-31', 1, '2', 4, 1, 5, 0, 0, 0, 0, '', '', '', '', 0, '', 0, 0, 0, '', '', 0, 0, 0, 0, 0, 0, 0, 0, 0, 0, '', 0, 0, NULL, '', '', '', '', '', 0, '2016-12-26 10:30:10', '2016-12-26 10:30:42', 0, 0, 0, '', 0, 0, 0, 0, 0),
(1101666, 100066, 162283, 11, 32, 7, 0, 0, 0, 0, 0, 0, 0, 0, 0, 3, 0, '2017-03-30', 1, '2', 4, 1, 5, 0, 0, 0, 0, '', '', '', '', 0, '', 0, 0, 0, '', '', 0, 0, 0, 0, 0, 0, 0, 0, 0, 0, '', 0, 0, NULL, '', '', '', '', '', 0, '2016-12-26 10:30:42', '2016-12-26 10:31:08', 0, 0, 0, '', 0, 0, 0, 0, 0),
(1101668, 100066, 162283, 11, 32, 7, 0, 0, 0, 0, 0, 0, 0, 0, 0, 3, 0, '2017-03-31', 1, '2', 4, 1, 5, 0, 0, 0, 0, '', '', '', '', 0, '', 0, 0, 0, '', '', 0, 0, 0, 0, 0, 0, 0, 0, 0, 0, '', 0, 0, NULL, '', '', '', '', '', 0, '2016-12-26 10:31:41', '2016-12-26 10:31:56', 0, 0, 0, '', 0, 0, 0, 0, 0);

INSERT INTO `contract` (`id`, `status`, `new_contract_id`, `new_course_id`, `old_contract_id`, `old_course_id`, `reservation_id`, `sales_id`, `customer_id`, `shop_id`, `staff_id`, `option_name`, `course_id`, `times`, `pay_type`, `pay_shop`, `pay_reg_date`, `payinfo_del_flg`, `pay_complete_date`, `fixed_price`, `discount`, `dis_type`, `price`, `payment`, `payment_cash`, `payment_transfer`, `payment_card`, `card_type`, `payment_loan`, `payment_loan_kari`, `loan_status`, `loan_application_date`, `loan_date`, `loan_sid`, `loan_company_id`, `loan_recept_no`, `payment_coupon`, `balance`, `latest_date`, `r_times`, `part_flg`, `contract_date`, `end_date`, `cancel_type`, `cancel_date`, `if_cancel_date`, `start_ym`, `repay`, `memo`, `reg_date`, `edit_date`, `del_flg`, `extension_flg`, `extension_edit_date`, `wait_flg`, `chk_flg`, `conversion_flg`, `bad_debt_flg`, `terminate_day`) VALUES
(100065, 4, 100066, 82, 0, 0, 686440, 578849, 162283, 1, 0, 0, 11, 12, 0, 0, '0000-00-00', 0, '0000-00-00', 229003, 0, 0, 229003, 0, 0, 0, 0, 0, 0, 0, 3, '0000-00-00', '0000-00-00', 0, 0, '', 0, 229003, '0000-00-00', 0, 0, '2016-09-01', '2020-08-31', 0, '2016-09-05', 1, 0, 0, '', '2016-09-30 10:30:40', '2017-09-13 10:59:38', 0, NULL, NULL, 0, 0, 0, NULL, NULL),
(100066, 4, 333883, 90, 100065, 11, 0, 2210504, 162283, 1, 0, 0, 82, 2, 0, 0, '0000-00-00', 0, '2016-09-05', 22520, 224182, 0, -201662, 0, 0, 0, 0, 0, 0, 0, 3, '0000-00-00', '0000-00-00', 0, 0, '', 0, -201662, '2018-03-30', 1, 0, '2016-09-05', '0000-00-00', 0, '2018-08-01', 0, 201710, 0, '', '2016-09-30 11:10:32', '2018-09-25 11:17:00', 0, 0, '0000-00-00', 0, 0, 0, NULL, NULL),
(333883, 0, 0, 0, 100066, 82, 0, 0, 162283, 26, 0, 0, 90, 18, 0, 0, '0000-00-00', 0, '0000-00-00', 350000, 0, 0, 148338, 0, 0, 0, 0, 0, 0, 0, 3, '0000-00-00', '0000-00-00', 0, 0, '', 0, 148338, '0000-00-00', 1, 0, '2018-08-01', '2023-07-31', 0, '0000-00-00', 0, 0, 0, '', '2018-09-25 11:17:00', '2019-07-12 03:09:00', 0, NULL, NULL, 0, 0, 0, NULL, NULL);

INSERT INTO `sales` (`id`, `type`, `contract_id`, `reservation_id`, `customer_id`, `shop_id`, `staff_id`, `rstaff_id`, `course_id`, `times`, `r_times`, `fixed_price`, `discount`, `dis_type`, `point`, `option_name`, `option_price`, `option_transfer`, `option_card`, `option_year`, `option_month`, `option_date`, `option_name2`, `option_price2`, `option_transfer2`, `option_card2`, `price`, `pay_type`, `payment`, `payment_cash`, `payment_transfer`, `payment_card`, `payment_loan`, `payment_coupon`, `charge`, `charge2`, `charge3`, `balance`, `stock_id`, `product_no`, `product_count`, `memo`, `pay_date`, `cancel_date`, `reg_date`, `edit_date`, `del_flg`, `chk_flg`, `terminate_day`) VALUES
(578743, 1, 100065, 686440, 162283, 1, 0, 0, 11, 12, 0, 229003, 0, 0, 0, '0', 0, 0, 0, '', '', '0000-00-00', 0, 0, 0, 0, 229003, 0, 0, 0, 0, 0, 0, 0, 0, 0, 0, 229003, '', '', 0, '', '2016-09-01', '0000-00-00', '2016-09-30 10:30:40', '2017-09-13 10:43:20', 0, 0, NULL),
(578849, 6, 100065, 0, 162283, 1, 0, 0, 82, 0, 0, 22520, 224182, 0, 0, '', 0, 0, 0, '', '', '0000-00-00', 0, 0, 0, 0, -201662, 0, 0, 0, 0, 0, 0, 0, 0, 0, 0, -201662, '', '', 0, '', '2016-09-05', '2016-09-05', '2016-09-30 11:10:32', '2017-09-13 10:59:38', 0, 0, NULL),
(1654017, 3, 100066, 2731958, 162283, 3, 0, 0, 82, 2, 1, 22520, 224182, 0, 0, '0', 0, 0, 0, '', '', '0000-00-00', 0, 0, 0, 0, -201662, 0, 0, 0, 0, 0, 0, 0, 0, 0, 0, -201662, '', '', 0, 'テスト　尾崎', '2018-03-30', '0000-00-00', '2018-03-30 14:50:59', '2018-03-30 14:51:29', 0, 0, NULL),
(1926794, 3, 100066, 3218949, 162283, 45, 0, 0, 82, 2, 2, 22520, 224182, 0, 0, '', 0, 0, 0, '', '', '0000-00-00', 0, 0, 0, 0, 0, 0, 0, 0, 0, 0, 0, 0, 0, 0, 0, 0, '', '', 0, '', '2018-07-03', '0000-00-00', '2018-07-01 17:17:08', '2018-07-01 17:17:08', 0, 0, NULL),
(1926795, 3, 100066, 3218949, 162283, 45, 0, 0, 82, 2, 2, 22520, 224182, 0, 0, '', 0, 0, 0, '', '', '0000-00-00', 0, 0, 0, 0, 0, 0, 0, 0, 0, 0, 0, 0, 0, 0, 0, 0, '', '', 0, '', '2018-07-03', '0000-00-00', '2018-07-01 17:17:09', '2018-07-01 17:17:09', 1, 0, NULL),
(1926797, 3, 100066, 3218949, 162283, 45, 0, 0, 82, 2, 2, 22520, 224182, 0, 0, '', 0, 0, 0, '', '', '0000-00-00', 0, 0, 0, 0, 0, 0, 0, 0, 0, 0, 0, 0, 0, 0, 0, 0, '', '', 0, '', '2018-07-03', '0000-00-00', '2018-07-01 17:17:11', '2018-07-01 17:17:11', 1, 0, NULL),
(1926798, 3, 100066, 3218949, 162283, 45, 0, 0, 82, 2, 2, 22520, 224182, 0, 0, '', 0, 0, 0, '', '', '0000-00-00', 0, 0, 0, 0, 0, 0, 0, 0, 0, 0, 0, 0, 0, 0, 0, 0, '', '', 0, '', '2018-07-03', '0000-00-00', '2018-07-01 17:17:12', '2018-07-01 17:17:12', 1, 0, NULL),
(1926799, 3, 100066, 3218949, 162283, 45, 0, 0, 82, 2, 2, 22520, 224182, 0, 0, '', 0, 0, 0, '', '', '0000-00-00', 0, 0, 0, 0, 0, 0, 0, 0, 0, 0, 0, 0, 0, 0, 0, 0, '', '', 0, '', '2018-07-03', '0000-00-00', '2018-07-01 17:17:13', '2018-07-01 17:17:13', 1, 0, NULL),
(1926800, 3, 100066, 3218949, 162283, 45, 0, 0, 82, 2, 2, 22520, 224182, 0, 0, '', 0, 0, 0, '', '', '0000-00-00', 0, 0, 0, 0, 0, 0, 0, 0, 0, 0, 0, 0, 0, 0, 0, 0, '', '', 0, '', '2018-07-03', '0000-00-00', '2018-07-01 17:17:15', '2018-07-01 17:17:15', 1, 0, NULL),
(1926801, 3, 100066, 3218949, 162283, 45, 0, 0, 82, 2, 2, 22520, 224182, 0, 0, '', 0, 0, 0, '', '', '0000-00-00', 0, 0, 0, 0, 0, 0, 0, 0, 0, 0, 0, 0, 0, 0, 0, 0, '', '', 0, '', '2018-07-03', '0000-00-00', '2018-07-01 17:17:16', '2018-07-01 17:17:16', 1, 0, NULL),
(1926802, 3, 100066, 3218949, 162283, 45, 0, 0, 82, 2, 2, 22520, 224182, 0, 0, '', 0, 0, 0, '', '', '0000-00-00', 0, 0, 0, 0, 0, 0, 0, 0, 0, 0, 0, 0, 0, 0, 0, 0, '', '', 0, '', '2018-07-03', '0000-00-00', '2018-07-01 17:17:17', '2018-07-01 17:17:17', 1, 0, NULL),
(1926803, 3, 100066, 3218949, 162283, 45, 0, 0, 82, 2, 2, 22520, 224182, 0, 0, '', 0, 0, 0, '', '', '0000-00-00', 0, 0, 0, 0, 0, 0, 0, 0, 0, 0, 0, 0, 0, 0, 0, 0, '', '', 0, '', '2018-07-03', '0000-00-00', '2018-07-01 17:17:18', '2018-07-01 17:17:18', 1, 0, NULL),
(1926804, 3, 100066, 3218949, 162283, 45, 0, 0, 82, 2, 2, 22520, 224182, 0, 0, '', 0, 0, 0, '', '', '0000-00-00', 0, 0, 0, 0, 0, 0, 0, 0, 0, 0, 0, 0, 0, 0, 0, 0, '', '', 0, '', '2018-07-03', '0000-00-00', '2018-07-01 17:17:20', '2018-07-01 17:17:20', 1, 0, NULL),
(1926806, 3, 100066, 3218949, 162283, 45, 0, 0, 82, 2, 2, 22520, 224182, 0, 0, '', 0, 0, 0, '', '', '0000-00-00', 0, 0, 0, 0, 0, 0, 0, 0, 0, 0, 0, 0, 0, 0, 0, 0, '', '', 0, '', '2018-07-03', '0000-00-00', '2018-07-01 17:17:30', '2018-07-01 17:17:30', 1, 0, NULL),
(1926807, 3, 100066, 3218949, 162283, 45, 0, 0, 82, 2, 2, 22520, 224182, 0, 0, '', 0, 0, 0, '', '', '0000-00-00', 0, 0, 0, 0, 0, 0, 0, 0, 0, 0, 0, 0, 0, 0, 0, 0, '', '', 0, '', '2018-07-03', '0000-00-00', '2018-07-01 17:17:47', '2018-07-01 17:17:47', 1, 0, NULL),
(1926808, 3, 100066, 3218949, 162283, 45, 0, 0, 82, 2, 2, 22520, 224182, 0, 0, '', 0, 0, 0, '', '', '0000-00-00', 0, 0, 0, 0, 0, 0, 0, 0, 0, 0, 0, 0, 0, 0, 0, 0, '', '', 0, '', '2018-07-03', '0000-00-00', '2018-07-01 17:17:48', '2018-07-01 17:17:48', 1, 0, NULL),
(1926809, 3, 100066, 3218949, 162283, 45, 0, 0, 82, 2, 2, 22520, 224182, 0, 0, '', 0, 0, 0, '', '', '0000-00-00', 0, 0, 0, 0, 0, 0, 0, 0, 0, 0, 0, 0, 0, 0, 0, 0, '', '', 0, '', '2018-07-03', '0000-00-00', '2018-07-01 17:17:49', '2018-07-01 17:17:49', 1, 0, NULL),
(1926811, 3, 100066, 3218949, 162283, 45, 0, 0, 82, 2, 2, 22520, 224182, 0, 0, '', 0, 0, 0, '', '', '0000-00-00', 0, 0, 0, 0, 0, 0, 0, 0, 0, 0, 0, 0, 0, 0, 0, 0, '', '', 0, '', '2018-07-03', '0000-00-00', '2018-07-01 17:17:51', '2018-07-01 17:17:51', 1, 0, NULL),
(1926812, 3, 100066, 3218949, 162283, 45, 0, 0, 82, 2, 2, 22520, 224182, 0, 0, '', 0, 0, 0, '', '', '0000-00-00', 0, 0, 0, 0, 0, 0, 0, 0, 0, 0, 0, 0, 0, 0, 0, 0, '', '', 0, '', '2018-07-03', '0000-00-00', '2018-07-01 17:17:52', '2018-07-01 17:17:52', 1, 0, NULL),
(1926813, 3, 100066, 3218949, 162283, 45, 0, 0, 82, 2, 2, 22520, 224182, 0, 0, '', 0, 0, 0, '', '', '0000-00-00', 0, 0, 0, 0, 0, 0, 0, 0, 0, 0, 0, 0, 0, 0, 0, 0, '', '', 0, '', '2018-07-03', '0000-00-00', '2018-07-01 17:17:53', '2018-07-01 17:17:53', 1, 0, NULL),
(1926814, 3, 100066, 3218949, 162283, 45, 0, 0, 82, 2, 2, 22520, 224182, 0, 0, '', 0, 0, 0, '', '', '0000-00-00', 0, 0, 0, 0, 0, 0, 0, 0, 0, 0, 0, 0, 0, 0, 0, 0, '', '', 0, '', '2018-07-03', '0000-00-00', '2018-07-01 17:17:54', '2018-07-01 17:17:54', 1, 0, NULL),
(1926815, 3, 100066, 3218949, 162283, 45, 0, 0, 82, 2, 2, 22520, 224182, 0, 0, '', 0, 0, 0, '', '', '0000-00-00', 0, 0, 0, 0, 0, 0, 0, 0, 0, 0, 0, 0, 0, 0, 0, 0, '', '', 0, '', '2018-07-03', '0000-00-00', '2018-07-01 17:17:56', '2018-07-01 17:17:56', 1, 0, NULL),
(1926816, 3, 100066, 3218949, 162283, 45, 0, 0, 82, 2, 2, 22520, 224182, 0, 0, '', 0, 0, 0, '', '', '0000-00-00', 0, 0, 0, 0, 0, 0, 0, 0, 0, 0, 0, 0, 0, 0, 0, 0, '', '', 0, '', '2018-07-03', '0000-00-00', '2018-07-01 17:17:57', '2018-07-01 17:17:57', 1, 0, NULL),
(1926817, 3, 100066, 3218949, 162283, 45, 0, 0, 82, 2, 2, 22520, 224182, 0, 0, '', 0, 0, 0, '', '', '0000-00-00', 0, 0, 0, 0, 0, 0, 0, 0, 0, 0, 0, 0, 0, 0, 0, 0, '', '', 0, '', '2018-07-03', '0000-00-00', '2018-07-01 17:17:58', '2018-07-01 17:17:58', 1, 0, NULL),
(1926818, 3, 100066, 3218949, 162283, 45, 0, 0, 82, 2, 2, 22520, 224182, 0, 0, '', 0, 0, 0, '', '', '0000-00-00', 0, 0, 0, 0, 0, 0, 0, 0, 0, 0, 0, 0, 0, 0, 0, 0, '', '', 0, '', '2018-07-03', '0000-00-00', '2018-07-01 17:18:01', '2018-07-01 17:18:01', 1, 0, NULL),
(1926819, 3, 100066, 3218949, 162283, 45, 0, 0, 82, 2, 2, 22520, 224182, 0, 0, '', 0, 0, 0, '', '', '0000-00-00', 0, 0, 0, 0, 0, 0, 0, 0, 0, 0, 0, 0, 0, 0, 0, 0, '', '', 0, '', '2018-07-03', '0000-00-00', '2018-07-01 17:18:02', '2018-07-01 17:18:02', 1, 0, NULL),
(1926820, 3, 100066, 3218949, 162283, 45, 0, 0, 82, 2, 2, 22520, 224182, 0, 0, '', 0, 0, 0, '', '', '0000-00-00', 0, 0, 0, 0, 0, 0, 0, 0, 0, 0, 0, 0, 0, 0, 0, 0, '', '', 0, '', '2018-07-03', '0000-00-00', '2018-07-01 17:18:04', '2018-07-01 17:18:04', 1, 0, NULL),
(1926829, 3, 100066, 3218949, 162283, 45, 0, 0, 82, 2, 2, 22520, 224182, 0, 0, '', 0, 0, 0, '', '', '0000-00-00', 0, 0, 0, 0, 0, 0, 0, 0, 0, 0, 0, 0, 0, 0, 0, 0, '', '', 0, '', '2018-07-03', '0000-00-00', '2018-07-01 17:20:24', '2018-07-01 17:20:24', 1, 0, NULL),
(1926830, 3, 100066, 3218949, 162283, 45, 0, 0, 82, 2, 2, 22520, 224182, 0, 0, '', 0, 0, 0, '', '', '0000-00-00', 0, 0, 0, 0, 0, 0, 0, 0, 0, 0, 0, 0, 0, 0, 0, 0, '', '', 0, '', '2018-07-03', '0000-00-00', '2018-07-01 17:20:25', '2018-07-01 17:20:25', 1, 0, NULL),
(1926832, 3, 100066, 3218949, 162283, 45, 0, 0, 82, 2, 2, 22520, 224182, 0, 0, '', 0, 0, 0, '', '', '0000-00-00', 0, 0, 0, 0, 0, 0, 0, 0, 0, 0, 0, 0, 0, 0, 0, 0, '', '', 0, '', '2018-07-03', '0000-00-00', '2018-07-01 17:20:26', '2018-07-01 17:20:26', 1, 0, NULL),
(1926841, 3, 100066, 3218949, 162283, 45, 0, 0, 82, 2, 2, 22520, 224182, 0, 0, '', 0, 0, 0, '', '', '0000-00-00', 0, 0, 0, 0, 0, 0, 0, 0, 0, 0, 0, 0, 0, 0, 0, 0, '', '', 0, '', '2018-07-03', '0000-00-00', '2018-07-01 17:23:32', '2018-07-01 17:23:32', 1, 0, NULL),
(1926842, 3, 100066, 3218949, 162283, 45, 0, 0, 82, 2, 2, 22520, 224182, 0, 0, '', 0, 0, 0, '', '', '0000-00-00', 0, 0, 0, 0, 0, 0, 0, 0, 0, 0, 0, 0, 0, 0, 0, 0, '', '', 0, '', '2018-07-03', '0000-00-00', '2018-07-01 17:23:33', '2018-07-01 17:23:33', 1, 0, NULL),
(1926843, 3, 100066, 3218949, 162283, 45, 0, 0, 82, 2, 2, 22520, 224182, 0, 0, '', 0, 0, 0, '', '', '0000-00-00', 0, 0, 0, 0, 0, 0, 0, 0, 0, 0, 0, 0, 0, 0, 0, 0, '', '', 0, '', '2018-07-03', '0000-00-00', '2018-07-01 17:23:35', '2018-07-01 17:23:35', 1, 0, NULL),
(1926844, 3, 100066, 3218949, 162283, 45, 0, 0, 82, 2, 2, 22520, 224182, 0, 0, '', 0, 0, 0, '', '', '0000-00-00', 0, 0, 0, 0, 0, 0, 0, 0, 0, 0, 0, 0, 0, 0, 0, 0, '', '', 0, '', '2018-07-03', '0000-00-00', '2018-07-01 17:23:36', '2018-07-01 17:23:36', 1, 0, NULL),
(1926845, 3, 100066, 3218949, 162283, 45, 0, 0, 82, 2, 2, 22520, 224182, 0, 0, '', 0, 0, 0, '', '', '0000-00-00', 0, 0, 0, 0, 0, 0, 0, 0, 0, 0, 0, 0, 0, 0, 0, 0, '', '', 0, '', '2018-07-03', '0000-00-00', '2018-07-01 17:23:37', '2018-07-01 17:23:37', 1, 0, NULL),
(1926846, 3, 100066, 3218949, 162283, 45, 0, 0, 82, 2, 2, 22520, 224182, 0, 0, '', 0, 0, 0, '', '', '0000-00-00', 0, 0, 0, 0, 0, 0, 0, 0, 0, 0, 0, 0, 0, 0, 0, 0, '', '', 0, '', '2018-07-03', '0000-00-00', '2018-07-01 17:23:41', '2018-07-01 17:23:41', 1, 0, NULL),
(1926847, 3, 100066, 3218949, 162283, 45, 0, 0, 82, 2, 2, 22520, 224182, 0, 0, '', 0, 0, 0, '', '', '0000-00-00', 0, 0, 0, 0, 0, 0, 0, 0, 0, 0, 0, 0, 0, 0, 0, 0, '', '', 0, '', '2018-07-03', '0000-00-00', '2018-07-01 17:23:42', '2018-07-01 17:23:42', 1, 0, NULL),
(1926849, 3, 100066, 3218949, 162283, 45, 0, 0, 82, 2, 2, 22520, 224182, 0, 0, '', 0, 0, 0, '', '', '0000-00-00', 0, 0, 0, 0, 0, 0, 0, 0, 0, 0, 0, 0, 0, 0, 0, 0, '', '', 0, '', '2018-07-03', '0000-00-00', '2018-07-01 17:23:44', '2018-07-01 17:23:44', 1, 0, NULL),
(1926851, 3, 100066, 3218949, 162283, 45, 0, 0, 82, 2, 2, 22520, 224182, 0, 0, '', 0, 0, 0, '', '', '0000-00-00', 0, 0, 0, 0, 0, 0, 0, 0, 0, 0, 0, 0, 0, 0, 0, 0, '', '', 0, '', '2018-07-03', '0000-00-00', '2018-07-01 17:23:45', '2018-07-01 17:23:45', 1, 0, NULL),
(1926853, 3, 100066, 3218949, 162283, 45, 0, 0, 82, 2, 2, 22520, 224182, 0, 0, '', 0, 0, 0, '', '', '0000-00-00', 0, 0, 0, 0, 0, 0, 0, 0, 0, 0, 0, 0, 0, 0, 0, 0, '', '', 0, '', '2018-07-03', '0000-00-00', '2018-07-01 17:23:48', '2018-07-01 17:23:48', 1, 0, NULL),
(1926855, 3, 100066, 3218949, 162283, 45, 0, 0, 82, 2, 2, 22520, 224182, 0, 0, '', 0, 0, 0, '', '', '0000-00-00', 0, 0, 0, 0, 0, 0, 0, 0, 0, 0, 0, 0, 0, 0, 0, 0, '', '', 0, '', '2018-07-03', '0000-00-00', '2018-07-01 17:24:14', '2018-07-01 17:24:14', 1, 0, NULL),
(1926856, 3, 100066, 3218949, 162283, 45, 0, 0, 82, 2, 2, 22520, 224182, 0, 0, '', 0, 0, 0, '', '', '0000-00-00', 0, 0, 0, 0, 0, 0, 0, 0, 0, 0, 0, 0, 0, 0, 0, 0, '', '', 0, '', '2018-07-03', '0000-00-00', '2018-07-01 17:24:15', '2018-07-01 17:24:15', 1, 0, NULL),
(1926858, 3, 100066, 3218949, 162283, 45, 0, 0, 82, 2, 2, 22520, 224182, 0, 0, '', 0, 0, 0, '', '', '0000-00-00', 0, 0, 0, 0, 0, 0, 0, 0, 0, 0, 0, 0, 0, 0, 0, 0, '', '', 0, '', '2018-07-03', '0000-00-00', '2018-07-01 17:24:21', '2018-07-01 17:24:21', 1, 0, NULL),
(1926859, 3, 100066, 3218949, 162283, 45, 0, 0, 82, 2, 2, 22520, 224182, 0, 0, '', 0, 0, 0, '', '', '0000-00-00', 0, 0, 0, 0, 0, 0, 0, 0, 0, 0, 0, 0, 0, 0, 0, 0, '', '', 0, '', '2018-07-03', '0000-00-00', '2018-07-01 17:24:23', '2018-07-01 17:24:23', 1, 0, NULL),
(1926860, 3, 100066, 3218949, 162283, 45, 0, 0, 82, 2, 2, 22520, 224182, 0, 0, '', 0, 0, 0, '', '', '0000-00-00', 0, 0, 0, 0, 0, 0, 0, 0, 0, 0, 0, 0, 0, 0, 0, 0, '', '', 0, '', '2018-07-03', '0000-00-00', '2018-07-01 17:24:24', '2018-07-01 17:24:24', 1, 0, NULL),
(1926861, 3, 100066, 3218949, 162283, 45, 0, 0, 82, 2, 2, 22520, 224182, 0, 0, '', 0, 0, 0, '', '', '0000-00-00', 0, 0, 0, 0, 0, 0, 0, 0, 0, 0, 0, 0, 0, 0, 0, 0, '', '', 0, '', '2018-07-03', '0000-00-00', '2018-07-01 17:24:25', '2018-07-01 17:24:25', 1, 0, NULL),
(1926862, 3, 100066, 3218949, 162283, 45, 0, 0, 82, 2, 2, 22520, 224182, 0, 0, '', 0, 0, 0, '', '', '0000-00-00', 0, 0, 0, 0, 0, 0, 0, 0, 0, 0, 0, 0, 0, 0, 0, 0, '', '', 0, '', '2018-07-03', '0000-00-00', '2018-07-01 17:24:26', '2018-07-01 17:24:26', 1, 0, NULL),
(1926904, 3, 100066, 3218949, 162283, 45, 0, 0, 82, 2, 2, 22520, 224182, 0, 0, '', 0, 0, 0, '', '', '0000-00-00', 0, 0, 0, 0, 0, 0, 0, 0, 0, 0, 0, 0, 0, 0, 0, 0, '', '', 0, '', '2018-07-03', '0000-00-00', '2018-07-01 17:30:09', '2018-07-01 17:30:09', 1, 0, NULL),
(1926906, 3, 100066, 3218949, 162283, 45, 0, 0, 82, 2, 2, 22520, 224182, 0, 0, '', 0, 0, 0, '', '', '0000-00-00', 0, 0, 0, 0, 0, 0, 0, 0, 0, 0, 0, 0, 0, 0, 0, 0, '', '', 0, '', '2018-07-03', '0000-00-00', '2018-07-01 17:30:11', '2018-07-01 17:30:11', 1, 0, NULL),
(1926908, 3, 100066, 3218949, 162283, 45, 0, 0, 82, 2, 2, 22520, 224182, 0, 0, '', 0, 0, 0, '', '', '0000-00-00', 0, 0, 0, 0, 0, 0, 0, 0, 0, 0, 0, 0, 0, 0, 0, 0, '', '', 0, '', '2018-07-03', '0000-00-00', '2018-07-01 17:30:13', '2018-07-01 17:30:13', 1, 0, NULL),
(1926909, 3, 100066, 3218949, 162283, 45, 0, 0, 82, 2, 2, 22520, 224182, 0, 0, '', 0, 0, 0, '', '', '0000-00-00', 0, 0, 0, 0, 0, 0, 0, 0, 0, 0, 0, 0, 0, 0, 0, 0, '', '', 0, '', '2018-07-03', '0000-00-00', '2018-07-01 17:30:15', '2018-07-01 17:30:15', 1, 0, NULL),
(1926910, 3, 100066, 3218949, 162283, 45, 0, 0, 82, 2, 2, 22520, 224182, 0, 0, '', 0, 0, 0, '', '', '0000-00-00', 0, 0, 0, 0, 0, 0, 0, 0, 0, 0, 0, 0, 0, 0, 0, 0, '', '', 0, '', '2018-07-03', '0000-00-00', '2018-07-01 17:30:16', '2018-07-01 17:30:16', 1, 0, NULL),
(1927962, 3, 100066, 3218949, 162283, 45, 0, 0, 82, 2, 2, 22520, 224182, 0, 0, '', 0, 0, 0, '', '', '0000-00-00', 0, 0, 0, 0, 0, 0, 0, 0, 0, 0, 0, 0, 0, 0, 0, 0, '', '', 0, '', '2018-07-03', '0000-00-00', '2018-07-02 10:05:36', '2018-07-02 10:05:36', 1, 0, NULL),
(1927963, 3, 100066, 3218949, 162283, 45, 0, 0, 82, 2, 2, 22520, 224182, 0, 0, '', 0, 0, 0, '', '', '0000-00-00', 0, 0, 0, 0, 0, 0, 0, 0, 0, 0, 0, 0, 0, 0, 0, 0, '', '', 0, '', '2018-07-03', '0000-00-00', '2018-07-02 10:05:37', '2018-07-02 10:05:37', 1, 0, NULL),
(1927964, 3, 100066, 3218949, 162283, 45, 0, 0, 82, 2, 2, 22520, 224182, 0, 0, '', 0, 0, 0, '', '', '0000-00-00', 0, 0, 0, 0, 0, 0, 0, 0, 0, 0, 0, 0, 0, 0, 0, 0, '', '', 0, '', '2018-07-03', '0000-00-00', '2018-07-02 10:05:38', '2018-07-02 10:05:38', 1, 0, NULL),
(1927965, 3, 100066, 3218949, 162283, 45, 0, 0, 82, 2, 2, 22520, 224182, 0, 0, '', 0, 0, 0, '', '', '0000-00-00', 0, 0, 0, 0, 0, 0, 0, 0, 0, 0, 0, 0, 0, 0, 0, 0, '', '', 0, '', '2018-07-03', '0000-00-00', '2018-07-02 10:05:40', '2018-07-02 10:05:40', 1, 0, NULL),
(1930855, 3, 100066, 3218949, 162283, 45, 0, 0, 82, 2, 2, 22520, 224182, 0, 0, '', 0, 0, 0, '', '', '0000-00-00', 0, 0, 0, 0, 0, 0, 0, 0, 0, 0, 0, 0, 0, 0, 0, 0, '', '', 0, '', '2018-07-03', '0000-00-00', '2018-07-02 10:19:45', '2018-07-02 10:19:45', 1, 0, NULL),
(1930856, 3, 100066, 3218949, 162283, 45, 0, 0, 82, 2, 2, 22520, 224182, 0, 0, '', 0, 0, 0, '', '', '0000-00-00', 0, 0, 0, 0, 0, 0, 0, 0, 0, 0, 0, 0, 0, 0, 0, 0, '', '', 0, '', '2018-07-03', '0000-00-00', '2018-07-02 10:19:47', '2018-07-02 10:19:47', 1, 0, NULL),
(1930857, 3, 100066, 3218949, 162283, 45, 0, 0, 82, 2, 2, 22520, 224182, 0, 0, '', 0, 0, 0, '', '', '0000-00-00', 0, 0, 0, 0, 0, 0, 0, 0, 0, 0, 0, 0, 0, 0, 0, 0, '', '', 0, '', '2018-07-03', '0000-00-00', '2018-07-02 10:19:49', '2018-07-02 10:19:49', 1, 0, NULL),
(1930858, 3, 100066, 3218949, 162283, 45, 0, 0, 82, 2, 2, 22520, 224182, 0, 0, '', 0, 0, 0, '', '', '0000-00-00', 0, 0, 0, 0, 0, 0, 0, 0, 0, 0, 0, 0, 0, 0, 0, 0, '', '', 0, '', '2018-07-03', '0000-00-00', '2018-07-02 10:19:50', '2018-07-02 10:19:50', 1, 0, NULL),
(1930859, 3, 100066, 3218949, 162283, 45, 0, 0, 82, 2, 2, 22520, 224182, 0, 0, '', 0, 0, 0, '', '', '0000-00-00', 0, 0, 0, 0, 0, 0, 0, 0, 0, 0, 0, 0, 0, 0, 0, 0, '', '', 0, '', '2018-07-03', '0000-00-00', '2018-07-02 10:19:51', '2018-07-02 10:19:51', 1, 0, NULL),
(1930860, 3, 100066, 3218949, 162283, 45, 0, 0, 82, 2, 2, 22520, 224182, 0, 0, '', 0, 0, 0, '', '', '0000-00-00', 0, 0, 0, 0, 0, 0, 0, 0, 0, 0, 0, 0, 0, 0, 0, 0, '', '', 0, '', '2018-07-03', '0000-00-00', '2018-07-02 10:19:57', '2018-07-02 10:19:57', 1, 0, NULL),
(1930862, 3, 100066, 3218949, 162283, 45, 0, 0, 82, 2, 2, 22520, 224182, 0, 0, '', 0, 0, 0, '', '', '0000-00-00', 0, 0, 0, 0, 0, 0, 0, 0, 0, 0, 0, 0, 0, 0, 0, 0, '', '', 0, '', '2018-07-03', '0000-00-00', '2018-07-02 10:20:27', '2018-07-02 10:20:27', 1, 0, NULL),
(1930863, 3, 100066, 3218949, 162283, 45, 0, 0, 82, 2, 2, 22520, 224182, 0, 0, '', 0, 0, 0, '', '', '0000-00-00', 0, 0, 0, 0, 0, 0, 0, 0, 0, 0, 0, 0, 0, 0, 0, 0, '', '', 0, '', '2018-07-03', '0000-00-00', '2018-07-02 10:20:29', '2018-07-02 10:20:29', 1, 0, NULL),
(1930864, 3, 100066, 3218949, 162283, 45, 0, 0, 82, 2, 2, 22520, 224182, 0, 0, '', 0, 0, 0, '', '', '0000-00-00', 0, 0, 0, 0, 0, 0, 0, 0, 0, 0, 0, 0, 0, 0, 0, 0, '', '', 0, '', '2018-07-03', '0000-00-00', '2018-07-02 10:20:30', '2018-07-02 10:20:30', 1, 0, NULL),
(1930877, 3, 100066, 3218949, 162283, 45, 0, 0, 82, 2, 2, 22520, 224182, 0, 0, '', 0, 0, 0, '', '', '0000-00-00', 0, 0, 0, 0, 0, 0, 0, 0, 0, 0, 0, 0, 0, 0, 0, 0, '', '', 0, '', '2018-07-03', '0000-00-00', '2018-07-02 10:28:22', '2018-07-02 10:28:22', 1, 0, NULL),
(1930878, 3, 100066, 3218949, 162283, 45, 0, 0, 82, 2, 2, 22520, 224182, 0, 0, '', 0, 0, 0, '', '', '0000-00-00', 0, 0, 0, 0, 0, 0, 0, 0, 0, 0, 0, 0, 0, 0, 0, 0, '', '', 0, '', '2018-07-03', '0000-00-00', '2018-07-02 10:28:23', '2018-07-02 10:28:23', 1, 0, NULL),
(1930879, 3, 100066, 3218949, 162283, 45, 0, 0, 82, 2, 2, 22520, 224182, 0, 0, '', 0, 0, 0, '', '', '0000-00-00', 0, 0, 0, 0, 0, 0, 0, 0, 0, 0, 0, 0, 0, 0, 0, 0, '', '', 0, '', '2018-07-03', '0000-00-00', '2018-07-02 10:28:24', '2018-07-02 10:28:24', 1, 0, NULL),
(1930882, 3, 100066, 3218949, 162283, 45, 0, 0, 82, 2, 2, 22520, 224182, 0, 0, '', 0, 0, 0, '', '', '0000-00-00', 0, 0, 0, 0, 0, 0, 0, 0, 0, 0, 0, 0, 0, 0, 0, 0, '', '', 0, '', '2018-07-03', '0000-00-00', '2018-07-02 10:29:46', '2018-07-02 10:29:46', 1, 0, NULL),
(1930883, 3, 100066, 3218949, 162283, 45, 0, 0, 82, 2, 2, 22520, 224182, 0, 0, '', 0, 0, 0, '', '', '0000-00-00', 0, 0, 0, 0, 0, 0, 0, 0, 0, 0, 0, 0, 0, 0, 0, 0, '', '', 0, '', '2018-07-03', '0000-00-00', '2018-07-02 10:29:47', '2018-07-02 10:29:47', 1, 0, NULL),
(1930884, 3, 100066, 3218949, 162283, 45, 0, 0, 82, 2, 2, 22520, 224182, 0, 0, '', 0, 0, 0, '', '', '0000-00-00', 0, 0, 0, 0, 0, 0, 0, 0, 0, 0, 0, 0, 0, 0, 0, 0, '', '', 0, '', '2018-07-03', '0000-00-00', '2018-07-02 10:29:48', '2018-07-02 10:29:48', 1, 0, NULL),
(1930885, 3, 100066, 3218949, 162283, 45, 0, 0, 82, 2, 2, 22520, 224182, 0, 0, '', 0, 0, 0, '', '', '0000-00-00', 0, 0, 0, 0, 0, 0, 0, 0, 0, 0, 0, 0, 0, 0, 0, 0, '', '', 0, '', '2018-07-03', '0000-00-00', '2018-07-02 10:29:50', '2018-07-02 10:29:50', 1, 0, NULL),
(1930888, 3, 100066, 3218949, 162283, 45, 0, 0, 82, 2, 2, 22520, 224182, 0, 0, '', 0, 0, 0, '', '', '0000-00-00', 0, 0, 0, 0, 0, 0, 0, 0, 0, 0, 0, 0, 0, 0, 0, 0, '', '', 0, '', '2018-07-03', '0000-00-00', '2018-07-02 10:32:23', '2018-07-02 10:32:23', 1, 0, NULL),
(1930889, 3, 100066, 3218949, 162283, 45, 0, 0, 82, 2, 2, 22520, 224182, 0, 0, '', 0, 0, 0, '', '', '0000-00-00', 0, 0, 0, 0, 0, 0, 0, 0, 0, 0, 0, 0, 0, 0, 0, 0, '', '', 0, '', '2018-07-03', '0000-00-00', '2018-07-02 10:32:24', '2018-07-02 10:32:24', 1, 0, NULL),
(1930890, 3, 100066, 3218949, 162283, 45, 0, 0, 82, 2, 2, 22520, 224182, 0, 0, '', 0, 0, 0, '', '', '0000-00-00', 0, 0, 0, 0, 0, 0, 0, 0, 0, 0, 0, 0, 0, 0, 0, 0, '', '', 0, '', '2018-07-03', '0000-00-00', '2018-07-02 10:32:26', '2018-07-02 10:32:26', 1, 0, NULL),
(2210504, 6, 100066, 0, 162283, 26, 0, 0, 90, 0, 0, 350000, 0, 0, 0, '', 0, 0, 0, '', '', '0000-00-00', 0, 0, 0, 0, 148338, 0, 0, 0, 0, 0, 0, 0, 0, 0, 0, 148338, '', '', 0, '', '2018-08-01', '0000-00-00', '2018-09-25 11:17:00', '2018-09-25 11:17:00', 0, 0, NULL),
(2909606, 51, 0, 0, 162283, 1, 1569, 1569, 0, 0, 0, 0, 0, 0, 0, '51', 7500, 0, 0, '', '', '0000-00-00', 0, 0, 0, 0, 0, 0, 0, 0, 0, 0, 0, 0, 0, 0, 0, 0, '121191', '', 0, '', '2019-04-26', '0000-00-00', '2019-04-26 23:39:09', '2019-04-26 23:40:57', 1, 0, NULL),
(3202882, 3, 333883, 5445638, 162283, 45, 0, 0, 82, 2, 1, 350000, 0, 0, 0, '', 0, 0, 0, '', '', '0000-00-00', 0, 0, 0, 0, 0, 0, 0, 0, 0, 0, 0, 0, 0, 0, 0, 0, '', '', 0, '', '2019-07-13', '0000-00-00', '2019-07-12 03:09:00', '2019-07-12 03:09:00', 0, 0, NULL);
